{"name": "octagonal antiprism", "vertices": [[0.0,0.0,1.073425],[0.7269827,0.0,0.7897703],[0.3081531,0.6584417,0.7897703],[-0.4657431,0.5581999,0.7897703],[-0.702991,-0.1852227,0.7897703],[1.0521,-0.1852227,0.1049676],[0.8775457,0.5581999,0.265645],[-0.990805,0.3161949,0.265645],[-0.9701878,-0.4471671,0.1049676],[0.7849037,-0.4471671,-0.5798351],[0.9088923,0.3161949,-0.4755801],[-0.9594584,0.07418979,-0.4755801],[-0.6450701,-0.6323897,-0.5798351],[0.08191263,-0.6323897,-0.8634897],[0.3838305,0.07418979,-0.9997054],[-0.3900657,-0.02605199,-0.9997054]], "edges": [[0,2],[0,3],[1,2],[1,6],[3,4],[4,7],[5,6],[5,10],[7,8],[8,11],[9,10],[9,14],[11,12],[12,15],[13,14],[13,15]], "faces": [[0,1,2],[0,2,3],[0,3,4],[1,5,6],[1,6,2],[3,7,4],[4,7,8],[5,9,10],[5,10,6],[7,11,8],[8,11,12],[9,13,14],[9,14,10],[11,15,12],[12,15,13],[13,15,14],[0,4,8,12,13,9,5,1],[2,6,10,14,15,11,7,3]]}
