{"name": "rhombicuboctahedron", "vertices": [[0.0,0.0,1.070722],[0.7148135,0.0,0.7971752],[-0.104682,0.7071068,0.7971752],[-0.6841528,0.2071068,0.7971752],[-0.104682,-0.7071068,0.7971752],[0.6101315,0.7071068,0.5236279],[1.04156,0.2071068,0.1367736],[0.6101315,-0.7071068,0.5236279],[-0.3574067,1.0,0.1367736],[-0.7888348,-0.5,0.5236279],[-0.9368776,0.5,0.1367736],[-0.3574067,-1.0,0.1367736],[0.3574067,1.0,-0.1367736],[0.9368776,-0.5,-0.1367736],[0.7888348,0.5,-0.5236279],[0.3574067,-1.0,-0.1367736],[-0.6101315,0.7071068,-0.5236279],[-1.04156,-0.2071068,-0.1367736],[-0.6101315,-0.7071068,-0.5236279],[0.104682,0.7071068,-0.7971752],[0.6841528,-0.2071068,-0.7971752],[0.104682,-0.7071068,-0.7971752],[-0.7148135,0.0,-0.7971752],[0.0,0.0,-1.070722]], "edges": [[0,1],[0,4],[1,7],[2,5],[2,8],[3,9],[3,10],[4,7],[5,12],[6,13],[6,14],[8,12],[9,17],[10,17],[11,15],[11,18],[13,20],[14,20],[15,21],[16,19],[16,22],[18,21],[19,23],[22,23]], "faces": [[0,2,3],[1,6,5],[4,9,11],[7,15,13],[8,16,10],[12,14,19],[17,22,18],[20,21,23],[0,1,5,2],[0,3,9,4],[0,4,7,1],[1,7,13,6],[2,5,12,8],[2,8,10,3],[3,10,17,9],[4,11,15,7],[5,6,14,12],[6,13,20,14],[8,12,19,16],[9,17,18,11],[10,16,22,17],[11,18,21,15],[13,15,21,20],[14,20,23,19],[16,19,23,22],[18,22,23,21]]}
