{"name": "truncated octahedron", "vertices": [[0.0,0.0,1.054093],[0.6324555,0.0,0.843274],[-0.421637,0.4714045,0.843274],[-0.07027284,-0.6285394,0.843274],[0.843274,0.4714045,0.421637],[0.5621827,-0.6285394,0.6324555],[-0.9135469,0.3142697,0.421637],[-0.2108185,0.942809,0.421637],[-0.5621827,-0.7856742,0.421637],[0.9838197,0.3142697,-0.2108185],[0.421637,0.942809,0.2108185],[0.7027284,-0.7856742,0.0],[-0.7027284,0.7856742,0.0],[-0.9838197,-0.3142697,0.2108185],[-0.421637,-0.942809,-0.2108185],[0.5621827,0.7856742,-0.421637],[0.9135469,-0.3142697,-0.421637],[0.2108185,-0.942809,-0.421637],[-0.5621827,0.6285394,-0.6324555],[-0.843274,-0.4714045,-0.421637],[0.07027284,0.6285394,-0.843274],[0.421637,-0.4714045,-0.843274],[-0.6324555,0.0,-0.843274],[0.0,0.0,-1.054093]], "edges": [[0,2],[1,4],[3,8],[5,11],[6,13],[7,10],[9,16],[12,18],[14,17],[15,20],[19,22],[21,23]], "faces": [[0,3,5,1],[2,7,12,6],[4,9,15,10],[8,13,19,14],[11,17,21,16],[18,20,23,22],[0,1,4,10,7,2],[0,2,6,13,8,3],[1,5,11,16,9,4],[3,8,14,17,11,5],[6,12,18,22,19,13],[7,10,15,20,18,12],[9,16,21,23,20,15],[14,19,22,23,21,17]]}
