{"name": "truncated cube", "vertices": [[0.0,0.0,1.042011],[0.5621693,0.0,0.8773552],[-0.4798415,0.2928932,0.8773552],[0.2569714,-0.5,0.8773552],[0.8773552,0.2928932,0.4798415],[-0.9014684,0.2071068,0.4798415],[-0.5962706,0.7071068,0.4798415],[0.1405423,-0.9142136,0.4798415],[1.017898,0.2071068,-0.08232778],[0.7609261,0.7071068,0.08232778],[-1.017898,-0.2071068,0.08232778],[-0.2810846,1.0,0.08232778],[-0.2810846,-1.0,0.08232778],[0.2810846,-1.0,-0.08232778],[0.9014684,-0.2071068,-0.4798415],[0.2810846,1.0,-0.08232778],[-0.7609261,-0.7071068,-0.08232778],[-0.8773552,-0.2928932,-0.4798415],[-0.1405423,0.9142136,-0.4798415],[0.5962706,-0.7071068,-0.4798415],[0.4798415,-0.2928932,-0.8773552],[-0.5621693,0.0,-0.8773552],[-0.2569714,0.5,-0.8773552],[0.0,0.0,-1.042011]], "edges": [[0,2],[1,4],[3,7],[5,10],[6,11],[8,14],[9,15],[12,16],[13,19],[17,21],[18,22],[20,23]], "faces": [[0,3,1],[2,6,5],[4,8,9],[7,12,13],[10,17,16],[11,15,18],[14,19,20],[21,22,23],[0,1,4,9,15,11,6,2],[0,2,5,10,16,12,7,3],[1,3,7,13,19,14,8,4],[5,6,11,18,22,21,17,10],[8,14,20,23,22,18,15,9],[12,16,17,21,23,20,19,13]]}
